Student_ID,Name,Age,Math_Score,Science_Score,English_Score,Address,Zip_Code
1001,Grace,20,70.0,95.0,80.0,135 Maple St,23456
1002,David,22,70.0,100.0,85.0,,34567
1003,Hannah,23,100.0,100.0,75.0,456 Oak St,56789
1004,Eve,23,70.0,85.0,95.0,975 Walnut St,23456
1005,Grace,22,70.0,80.0,90.0,789 Pine St,56789
1006,Julia,23,100.0,95.0,80.0,123 Elm St,12345
1007,Charlie,23,85.0,95.0,70.0,246 Cedar St,
1008,Grace,23,,80.0,80.0,,45678
1009,Hannah,23,80.0,,,975 Walnut St,45678
1010,Eve,23,90.0,95.0,,,67890
1011,David,20,80.0,85.0,85.0,789 Pine St,34567
1012,Hannah,23,80.0,90.0,85.0,456 Oak St,45678
1013,Hannah,20,95.0,90.0,75.0,,
1014,Charlie,23,,75.0,95.0,789 Pine St,12345
1015,Frank,22,95.0,75.0,90.0,789 Pine St,34567
1016,Eve,21,,90.0,80.0,456 Oak St,23456
1017,Bob,20,100.0,90.0,,135 Maple St,
1018,Hannah,23,100.0,100.0,85.0,135 Maple St,
1019,Frank,22,,85.0,90.0,123 Elm St,45678
1020,Bob,21,70.0,80.0,80.0,123 Elm St,34567
1021,Eve,20,85.0,75.0,85.0,135 Maple St,12345
1022,Alice,21,70.0,100.0,85.0,975 Walnut St,67890
1023,Julia,22,85.0,100.0,,246 Cedar St,56789
1024,Frank,20,95.0,80.0,,789 Pine St,56789
1025,Ivan,21,85.0,100.0,85.0,246 Cedar St,12345
1026,Alice,23,95.0,85.0,70.0,789 Pine St,12345
1027,Julia,20,100.0,90.0,85.0,135 Maple St,56789
1028,Charlie,21,80.0,95.0,90.0,123 Elm St,67890
1029,Grace,22,100.0,80.0,85.0,975 Walnut St,34567
1030,David,22,100.0,90.0,75.0,123 Elm St,56789
1031,Ivan,20,80.0,90.0,95.0,246 Cedar St,12345
1032,Charlie,21,85.0,,75.0,123 Elm St,45678
1033,Eve,20,85.0,80.0,75.0,135 Maple St,23456
1034,Charlie,20,95.0,100.0,70.0,975 Walnut St,67890
1035,Grace,21,70.0,95.0,70.0,246 Cedar St,
1036,Eve,21,95.0,80.0,85.0,975 Walnut St,67890
1037,Ivan,23,70.0,100.0,75.0,789 Pine St,45678
1038,Grace,21,100.0,90.0,70.0,123 Elm St,45678
1039,Bob,22,80.0,95.0,,975 Walnut St,
1040,David,20,100.0,100.0,85.0,456 Oak St,12345
1041,Ivan,20,,85.0,90.0,123 Elm St,56789
1042,Bob,22,85.0,100.0,95.0,789 Pine St,34567
1043,Julia,21,70.0,,80.0,975 Walnut St,67890
1044,Ivan,22,95.0,90.0,85.0,246 Cedar St,
1045,Julia,22,80.0,100.0,80.0,789 Pine St,67890
1046,Eve,23,70.0,75.0,75.0,456 Oak St,45678
1047,Bob,22,95.0,75.0,95.0,975 Walnut St,56789
1048,David,20,85.0,,80.0,,67890
1049,Grace,22,100.0,85.0,75.0,,34567
1050,Hannah,20,85.0,90.0,,135 Maple St,45678
1051,Charlie,20,90.0,80.0,80.0,123 Elm St,34567
1052,Alice,20,,,95.0,246 Cedar St,56789
1053,David,21,90.0,85.0,85.0,135 Maple St,67890
1054,Bob,23,80.0,80.0,75.0,975 Walnut St,23456
1055,Hannah,20,70.0,75.0,85.0,,67890
1056,David,20,80.0,75.0,95.0,,56789
1057,Bob,21,100.0,80.0,70.0,,67890
1058,Frank,20,95.0,,75.0,975 Walnut St,
1059,Frank,22,85.0,75.0,80.0,,67890
1060,Julia,22,90.0,90.0,75.0,789 Pine St,12345
1061,David,23,90.0,95.0,85.0,975 Walnut St,67890
1062,Frank,20,100.0,100.0,,246 Cedar St,67890
1063,Bob,21,90.0,80.0,75.0,135 Maple St,34567
1064,Julia,22,100.0,80.0,80.0,246 Cedar St,23456
1065,Bob,21,80.0,75.0,70.0,456 Oak St,34567
1066,Julia,21,85.0,,90.0,,34567
1067,David,22,70.0,90.0,,456 Oak St,45678
1068,Hannah,21,95.0,,70.0,123 Elm St,12345
1069,Grace,22,70.0,85.0,75.0,123 Elm St,34567
1070,Ivan,21,80.0,85.0,85.0,456 Oak St,
1071,Hannah,22,95.0,95.0,95.0,975 Walnut St,56789
1072,Eve,20,90.0,75.0,85.0,246 Cedar St,
1073,Bob,23,,75.0,80.0,456 Oak St,56789
1074,Eve,22,80.0,75.0,85.0,123 Elm St,67890
1075,Hannah,22,80.0,95.0,,456 Oak St,45678
1076,Julia,23,85.0,85.0,85.0,975 Walnut St,12345
1077,Ivan,22,70.0,,80.0,456 Oak St,
1078,Ivan,22,80.0,95.0,90.0,246 Cedar St,12345
1079,Alice,21,80.0,95.0,75.0,135 Maple St,
1080,Ivan,23,90.0,,95.0,975 Walnut St,67890
1081,Grace,20,90.0,75.0,75.0,123 Elm St,56789
1082,Ivan,22,95.0,90.0,85.0,246 Cedar St,23456
1083,Hannah,23,100.0,,70.0,456 Oak St,45678
1084,Alice,21,100.0,85.0,75.0,456 Oak St,
1085,Hannah,20,,80.0,90.0,135 Maple St,
1086,Hannah,23,100.0,80.0,85.0,123 Elm St,67890
1087,Charlie,20,85.0,100.0,95.0,123 Elm St,45678
1088,Alice,20,,100.0,80.0,789 Pine St,56789
1089,Hannah,20,95.0,95.0,90.0,123 Elm St,56789
1090,Charlie,22,90.0,80.0,85.0,135 Maple St,
1091,Charlie,22,100.0,90.0,90.0,,23456
1092,Alice,21,70.0,75.0,75.0,789 Pine St,23456
1093,Eve,21,90.0,85.0,95.0,789 Pine St,12345
1094,Julia,23,85.0,100.0,80.0,456 Oak St,45678
1095,Grace,21,90.0,90.0,85.0,456 Oak St,45678
1096,Julia,20,85.0,85.0,,123 Elm St,56789
1097,Ivan,20,85.0,85.0,80.0,789 Pine St,12345
1098,Grace,22,85.0,75.0,,456 Oak St,67890
1099,Ivan,20,95.0,95.0,90.0,135 Maple St,45678
1100,Hannah,23,85.0,80.0,70.0,456 Oak St,12345
1101,Bob,20,85.0,75.0,80.0,975 Walnut St,12345
1102,Alice,20,70.0,90.0,90.0,975 Walnut St,
1103,Grace,23,,95.0,,456 Oak St,56789
1104,Grace,21,80.0,90.0,75.0,789 Pine St,12345
1105,Hannah,21,,95.0,75.0,,23456
1106,Eve,23,85.0,100.0,70.0,,23456
1107,Charlie,22,70.0,90.0,80.0,789 Pine St,34567
1108,Hannah,20,90.0,75.0,80.0,246 Cedar St,56789
1109,Frank,23,70.0,95.0,80.0,,
1110,Charlie,20,85.0,95.0,90.0,975 Walnut St,67890
1111,Alice,22,70.0,85.0,95.0,135 Maple St,34567
1112,Charlie,20,100.0,85.0,95.0,789 Pine St,23456
1113,Eve,23,70.0,,70.0,123 Elm St,
1114,Charlie,20,85.0,90.0,80.0,975 Walnut St,34567
1115,Alice,21,95.0,85.0,90.0,135 Maple St,56789
1116,Eve,22,100.0,,75.0,135 Maple St,
1117,Julia,22,70.0,100.0,,789 Pine St,56789
1118,Grace,22,80.0,100.0,90.0,135 Maple St,12345
1119,Grace,23,80.0,85.0,95.0,789 Pine St,45678
1120,Ivan,22,70.0,90.0,95.0,,12345
1121,Julia,21,95.0,95.0,75.0,456 Oak St,56789
1122,Julia,23,90.0,80.0,75.0,975 Walnut St,
1123,Charlie,21,85.0,90.0,,246 Cedar St,23456
1124,Grace,20,80.0,75.0,75.0,456 Oak St,67890
1125,Alice,20,90.0,100.0,70.0,975 Walnut St,23456
1126,David,20,70.0,85.0,,789 Pine St,
1127,David,20,90.0,85.0,75.0,975 Walnut St,12345
1128,Eve,21,100.0,95.0,85.0,,67890
1129,Grace,23,,75.0,90.0,789 Pine St,
1130,Grace,23,80.0,95.0,75.0,456 Oak St,56789
1131,David,22,70.0,75.0,70.0,123 Elm St,23456
1132,Grace,21,85.0,80.0,80.0,123 Elm St,56789
1133,Charlie,20,95.0,100.0,75.0,975 Walnut St,67890
1134,Frank,21,100.0,85.0,95.0,123 Elm St,67890
1135,Bob,22,70.0,85.0,95.0,789 Pine St,23456
1136,Julia,22,85.0,80.0,95.0,135 Maple St,56789
1137,Ivan,21,95.0,,80.0,789 Pine St,34567
1138,Eve,21,95.0,100.0,95.0,135 Maple St,56789
1139,Frank,21,70.0,95.0,85.0,456 Oak St,67890
1140,David,23,100.0,80.0,75.0,246 Cedar St,56789
1141,Julia,20,90.0,95.0,95.0,135 Maple St,
1142,Grace,21,90.0,90.0,,123 Elm St,12345
1143,Ivan,21,95.0,85.0,80.0,789 Pine St,34567
1144,Grace,21,90.0,95.0,85.0,456 Oak St,45678
1145,Alice,22,,75.0,,123 Elm St,
1146,Alice,22,95.0,95.0,,456 Oak St,12345
1147,Ivan,23,95.0,90.0,,246 Cedar St,45678
1148,Ivan,20,85.0,100.0,,,23456
1149,David,23,90.0,85.0,75.0,789 Pine St,45678
1150,Ivan,20,100.0,80.0,95.0,975 Walnut St,
1151,Charlie,22,95.0,90.0,90.0,789 Pine St,56789
1152,Grace,22,100.0,85.0,75.0,246 Cedar St,
1153,Frank,22,,95.0,75.0,789 Pine St,45678
1154,Hannah,23,85.0,100.0,85.0,975 Walnut St,67890
1155,Ivan,21,70.0,,85.0,135 Maple St,12345
1156,Eve,21,100.0,100.0,95.0,456 Oak St,12345
1157,Alice,22,95.0,,90.0,975 Walnut St,45678
1158,Charlie,21,,75.0,85.0,123 Elm St,12345
1159,Julia,21,80.0,100.0,95.0,246 Cedar St,67890
1160,Hannah,23,,85.0,95.0,135 Maple St,
1161,Frank,20,,,70.0,123 Elm St,12345
1162,Hannah,22,85.0,80.0,90.0,123 Elm St,45678
1163,Ivan,22,70.0,85.0,85.0,246 Cedar St,34567
1164,David,23,80.0,80.0,90.0,135 Maple St,34567
1165,Alice,23,90.0,100.0,75.0,,23456
1166,Alice,21,90.0,80.0,75.0,123 Elm St,12345
1167,Julia,22,100.0,,90.0,123 Elm St,
1168,David,20,,85.0,70.0,135 Maple St,45678
1169,Grace,23,85.0,95.0,70.0,789 Pine St,12345
1170,Bob,20,85.0,90.0,90.0,123 Elm St,56789
1171,Charlie,20,90.0,,85.0,456 Oak St,67890
1172,Alice,22,100.0,,80.0,135 Maple St,12345
1173,Eve,22,100.0,95.0,70.0,123 Elm St,12345
1174,Alice,23,100.0,85.0,,246 Cedar St,34567
1175,Hannah,22,80.0,85.0,75.0,975 Walnut St,67890
1176,Alice,22,70.0,100.0,90.0,456 Oak St,45678
1177,Alice,22,80.0,80.0,,975 Walnut St,12345
1178,Bob,20,95.0,100.0,90.0,975 Walnut St,34567
1179,Bob,23,95.0,95.0,95.0,123 Elm St,23456
1180,Frank,21,70.0,100.0,75.0,456 Oak St,67890
1181,Grace,20,90.0,95.0,75.0,456 Oak St,34567
1182,Eve,22,70.0,85.0,70.0,789 Pine St,34567
1183,Alice,20,85.0,80.0,70.0,975 Walnut St,
1184,Alice,22,95.0,100.0,,456 Oak St,34567
1185,Charlie,22,,,95.0,789 Pine St,
1186,Bob,20,,75.0,90.0,135 Maple St,12345
1187,Eve,23,90.0,90.0,95.0,789 Pine St,12345
1188,Julia,22,85.0,,75.0,246 Cedar St,23456
1189,Frank,23,80.0,85.0,,,56789
1190,Grace,21,85.0,90.0,80.0,123 Elm St,56789
1191,David,22,,75.0,,135 Maple St,56789
1192,Grace,23,,75.0,85.0,,
1193,Hannah,23,95.0,80.0,,,67890
1194,Alice,21,85.0,90.0,95.0,135 Maple St,67890
1195,Frank,23,85.0,80.0,85.0,246 Cedar St,23456
1196,Hannah,23,,,85.0,789 Pine St,67890
1197,Eve,21,80.0,95.0,85.0,123 Elm St,56789
1198,David,22,90.0,95.0,80.0,789 Pine St,56789
1199,Bob,23,100.0,95.0,,456 Oak St,34567
1200,Frank,23,90.0,90.0,95.0,789 Pine St,67890
1201,Frank,23,85.0,95.0,,135 Maple St,12345
1202,Alice,20,90.0,,80.0,123 Elm St,12345
1203,Ivan,21,,80.0,75.0,789 Pine St,34567
1204,Frank,20,,90.0,70.0,123 Elm St,34567
1205,Charlie,21,85.0,80.0,95.0,123 Elm St,34567
1206,David,22,85.0,90.0,95.0,456 Oak St,12345
1207,David,22,100.0,80.0,,456 Oak St,56789
1208,Charlie,23,100.0,75.0,70.0,135 Maple St,34567
1209,Julia,21,95.0,80.0,90.0,246 Cedar St,23456
1210,Charlie,22,85.0,95.0,90.0,,
1211,Charlie,21,80.0,75.0,80.0,123 Elm St,34567
1212,David,22,90.0,80.0,90.0,246 Cedar St,
1213,Grace,20,85.0,90.0,95.0,,45678
1214,David,22,70.0,90.0,90.0,,34567
1215,Ivan,20,95.0,90.0,75.0,135 Maple St,12345
1216,Alice,22,70.0,85.0,75.0,,67890
1217,Hannah,23,,,75.0,,34567
1218,Grace,20,100.0,90.0,90.0,123 Elm St,67890
1219,Bob,22,90.0,75.0,80.0,123 Elm St,45678
1220,Hannah,23,85.0,90.0,85.0,975 Walnut St,23456
1221,Alice,20,70.0,85.0,85.0,246 Cedar St,67890
1222,Ivan,23,90.0,95.0,70.0,789 Pine St,
1223,Ivan,21,,75.0,85.0,456 Oak St,56789
1224,Bob,21,100.0,85.0,85.0,789 Pine St,34567
1225,Grace,20,80.0,95.0,75.0,246 Cedar St,45678
1226,Julia,22,95.0,100.0,75.0,456 Oak St,45678
1227,Charlie,20,90.0,100.0,90.0,789 Pine St,67890
1228,Grace,23,90.0,75.0,70.0,975 Walnut St,23456
1229,Julia,22,80.0,80.0,,456 Oak St,12345
1230,Ivan,21,90.0,,95.0,123 Elm St,34567
1231,David,22,,,70.0,789 Pine St,45678
1232,Alice,21,,85.0,70.0,456 Oak St,23456
1233,Bob,22,80.0,95.0,80.0,975 Walnut St,56789
1234,Alice,22,95.0,,90.0,,45678
1235,Eve,22,85.0,95.0,80.0,456 Oak St,23456
1236,Eve,23,70.0,95.0,70.0,456 Oak St,12345
1237,Grace,23,85.0,85.0,70.0,975 Walnut St,12345
1238,Ivan,20,90.0,85.0,70.0,,45678
1239,Ivan,20,70.0,85.0,85.0,789 Pine St,
1240,Charlie,21,80.0,,95.0,135 Maple St,45678
1241,Charlie,23,80.0,100.0,95.0,789 Pine St,67890
1242,Charlie,21,95.0,85.0,80.0,,34567
1243,David,20,70.0,,70.0,246 Cedar St,23456
1244,Hannah,21,,85.0,95.0,975 Walnut St,45678
1245,Frank,20,70.0,90.0,75.0,789 Pine St,34567
1246,Hannah,23,90.0,95.0,95.0,456 Oak St,67890
1247,Alice,22,,85.0,90.0,975 Walnut St,34567
1248,Hannah,23,100.0,75.0,90.0,123 Elm St,45678
1249,David,21,100.0,95.0,95.0,,12345
1250,Alice,21,100.0,95.0,75.0,789 Pine St,23456
1251,Hannah,23,80.0,85.0,90.0,975 Walnut St,23456
1252,David,23,70.0,100.0,85.0,789 Pine St,12345
1253,Frank,20,100.0,80.0,95.0,975 Walnut St,
1254,Hannah,21,85.0,100.0,85.0,456 Oak St,45678
1255,David,21,95.0,85.0,95.0,123 Elm St,23456
1256,Charlie,23,85.0,95.0,,123 Elm St,45678
1257,Ivan,22,100.0,75.0,,246 Cedar St,67890
1258,Charlie,21,95.0,95.0,,975 Walnut St,45678
1259,Ivan,22,90.0,100.0,90.0,789 Pine St,34567
1260,Bob,23,85.0,75.0,85.0,123 Elm St,12345
1261,Bob,23,70.0,,85.0,,
1262,Bob,20,70.0,90.0,85.0,123 Elm St,45678
1263,Frank,21,85.0,95.0,75.0,135 Maple St,
1264,Charlie,22,100.0,85.0,85.0,135 Maple St,
1265,Ivan,20,70.0,,75.0,123 Elm St,67890
1266,David,21,90.0,90.0,,975 Walnut St,56789
1267,Alice,20,,85.0,,246 Cedar St,12345
1268,David,23,100.0,80.0,90.0,123 Elm St,
1269,Alice,21,90.0,85.0,95.0,456 Oak St,23456
1270,Eve,20,95.0,75.0,,789 Pine St,34567
1271,David,20,90.0,75.0,95.0,246 Cedar St,23456
1272,Hannah,22,100.0,80.0,95.0,456 Oak St,67890
1273,Hannah,20,95.0,,90.0,246 Cedar St,67890
1274,Grace,21,100.0,90.0,70.0,456 Oak St,23456
1275,Charlie,21,70.0,85.0,70.0,789 Pine St,12345
1276,Alice,22,,75.0,80.0,789 Pine St,23456
1277,Alice,21,100.0,,90.0,135 Maple St,45678
1278,Charlie,23,100.0,80.0,80.0,975 Walnut St,23456
1279,Frank,21,70.0,100.0,80.0,456 Oak St,34567
1280,Grace,21,80.0,95.0,70.0,135 Maple St,34567
1281,Frank,20,70.0,100.0,90.0,456 Oak St,56789
1282,Frank,20,95.0,100.0,70.0,135 Maple St,34567
1283,Frank,21,70.0,75.0,80.0,789 Pine St,23456
1284,Charlie,22,70.0,80.0,90.0,246 Cedar St,34567
1285,Frank,20,,85.0,80.0,,12345
1286,Hannah,22,70.0,100.0,85.0,135 Maple St,
1287,Bob,21,100.0,100.0,95.0,456 Oak St,34567
1288,Eve,21,,90.0,90.0,456 Oak St,45678
1289,Alice,23,85.0,75.0,90.0,,12345
1290,Alice,20,80.0,75.0,95.0,975 Walnut St,56789
1291,Eve,21,,85.0,80.0,789 Pine St,45678
1292,Charlie,23,95.0,95.0,85.0,456 Oak St,23456
1293,David,20,85.0,,75.0,123 Elm St,
1294,Charlie,21,,90.0,95.0,246 Cedar St,23456
1295,Alice,21,,75.0,70.0,135 Maple St,
1296,Alice,20,80.0,90.0,80.0,975 Walnut St,
1297,Eve,20,100.0,75.0,95.0,,23456
1298,Frank,20,95.0,90.0,95.0,246 Cedar St,45678
1299,Charlie,21,90.0,80.0,90.0,789 Pine St,45678
1300,Ivan,21,90.0,100.0,70.0,975 Walnut St,
1301,Eve,23,,75.0,70.0,135 Maple St,45678
1302,Hannah,22,70.0,90.0,70.0,135 Maple St,
1303,Alice,20,95.0,,95.0,,
1304,Eve,21,85.0,80.0,75.0,123 Elm St,12345
1305,Charlie,21,70.0,80.0,,,67890
1306,Alice,20,70.0,,80.0,789 Pine St,12345
1307,David,22,95.0,90.0,,975 Walnut St,23456
1308,Eve,20,100.0,85.0,95.0,975 Walnut St,67890
1309,Grace,22,,,,456 Oak St,34567
1310,Alice,21,,90.0,95.0,123 Elm St,23456
1311,Charlie,22,,,,123 Elm St,56789
1312,Bob,23,,,70.0,975 Walnut St,12345
1313,Ivan,21,90.0,75.0,85.0,975 Walnut St,45678
1314,Julia,23,,90.0,70.0,246 Cedar St,12345
1315,Frank,20,90.0,85.0,70.0,246 Cedar St,45678
1316,Julia,20,90.0,100.0,90.0,246 Cedar St,67890
1317,Charlie,20,100.0,75.0,90.0,123 Elm St,56789
1318,Hannah,22,,,,456 Oak St,67890
1319,Hannah,21,80.0,100.0,95.0,135 Maple St,56789
1320,Bob,20,85.0,95.0,70.0,246 Cedar St,12345
1321,Frank,20,70.0,100.0,,456 Oak St,45678
1322,Grace,21,90.0,,90.0,,67890
1323,Bob,20,95.0,,85.0,789 Pine St,56789
1324,Julia,23,95.0,90.0,80.0,246 Cedar St,
1325,Bob,21,85.0,90.0,,,23456
1326,Julia,21,95.0,75.0,85.0,135 Maple St,23456
1327,Alice,21,80.0,85.0,80.0,789 Pine St,67890
1328,Hannah,23,95.0,75.0,75.0,789 Pine St,45678
1329,Alice,21,70.0,80.0,,135 Maple St,
1330,Ivan,23,70.0,,,246 Cedar St,67890
1331,Frank,21,90.0,100.0,75.0,123 Elm St,12345
1332,Grace,22,,95.0,75.0,135 Maple St,56789
1333,Julia,20,100.0,,,135 Maple St,12345
1334,Grace,22,80.0,,75.0,135 Maple St,23456
1335,Julia,20,90.0,75.0,70.0,789 Pine St,56789
1336,Charlie,23,80.0,95.0,80.0,456 Oak St,67890
1337,Bob,22,,95.0,80.0,,12345
1338,Ivan,21,95.0,95.0,80.0,123 Elm St,34567
1339,Hannah,20,95.0,75.0,70.0,246 Cedar St,45678
1340,Julia,20,100.0,,95.0,246 Cedar St,
1341,Grace,22,,75.0,75.0,,
1342,Ivan,23,90.0,90.0,85.0,456 Oak St,45678
1343,David,22,100.0,90.0,75.0,135 Maple St,34567
1344,David,23,,75.0,,123 Elm St,23456
1345,Alice,23,85.0,95.0,90.0,246 Cedar St,56789
1346,Hannah,20,70.0,,80.0,,45678
1347,Charlie,22,100.0,75.0,75.0,975 Walnut St,34567
1348,Grace,22,100.0,75.0,85.0,,67890
1349,Bob,23,90.0,75.0,,246 Cedar St,
1350,Bob,22,80.0,80.0,70.0,135 Maple St,34567
1351,Grace,21,85.0,90.0,95.0,975 Walnut St,23456
1352,Frank,21,90.0,100.0,70.0,456 Oak St,23456
1353,Charlie,22,,95.0,85.0,123 Elm St,12345
1354,Ivan,22,,85.0,,456 Oak St,45678
1355,Julia,23,,100.0,80.0,456 Oak St,12345
1356,Frank,21,,95.0,75.0,,
1357,Julia,21,80.0,85.0,,123 Elm St,34567
1358,Julia,20,85.0,80.0,95.0,123 Elm St,56789
1359,Frank,23,95.0,75.0,70.0,246 Cedar St,56789
1360,Alice,20,70.0,80.0,95.0,246 Cedar St,23456
1361,David,21,80.0,80.0,95.0,123 Elm St,56789
1362,Julia,23,80.0,100.0,85.0,975 Walnut St,56789
1363,Frank,22,95.0,,85.0,789 Pine St,
1364,Frank,23,95.0,100.0,75.0,246 Cedar St,56789
1365,Eve,22,70.0,90.0,85.0,789 Pine St,34567
1366,Alice,22,70.0,85.0,85.0,,56789
1367,Hannah,23,95.0,75.0,,975 Walnut St,67890
1368,Eve,22,,100.0,80.0,123 Elm St,56789
1369,Eve,20,80.0,85.0,75.0,975 Walnut St,56789
1370,Grace,21,90.0,95.0,,246 Cedar St,12345
1371,David,22,70.0,85.0,80.0,456 Oak St,34567
1372,Frank,20,70.0,95.0,95.0,,23456
1373,David,22,95.0,100.0,,123 Elm St,12345
1374,Charlie,21,85.0,90.0,90.0,135 Maple St,45678
1375,Grace,20,90.0,100.0,,,34567
1376,Hannah,21,90.0,95.0,85.0,789 Pine St,67890
1377,David,21,70.0,85.0,80.0,975 Walnut St,34567
1378,Bob,20,,85.0,75.0,123 Elm St,45678
1379,Julia,20,85.0,95.0,75.0,,45678
1380,Charlie,20,90.0,80.0,80.0,975 Walnut St,45678
1381,Alice,23,70.0,90.0,85.0,123 Elm St,
1382,Hannah,20,90.0,,70.0,246 Cedar St,23456
1383,Charlie,20,100.0,75.0,,,56789
1384,Julia,20,85.0,85.0,85.0,246 Cedar St,34567
1385,Grace,20,85.0,75.0,90.0,,
1386,Julia,22,100.0,,95.0,246 Cedar St,56789
1387,Eve,23,80.0,100.0,80.0,975 Walnut St,56789
1388,Julia,21,100.0,75.0,,135 Maple St,67890
1389,Eve,20,95.0,,75.0,,45678
1390,Grace,22,95.0,95.0,95.0,,23456
1391,Ivan,22,70.0,80.0,70.0,246 Cedar St,67890
1392,Eve,22,85.0,85.0,90.0,123 Elm St,12345
1393,Alice,21,80.0,,75.0,,
1394,Julia,20,80.0,75.0,80.0,246 Cedar St,
1395,Julia,23,90.0,85.0,,456 Oak St,23456
1396,Alice,23,90.0,80.0,80.0,246 Cedar St,56789
1397,Bob,22,100.0,95.0,95.0,975 Walnut St,
1398,Frank,21,80.0,100.0,,135 Maple St,23456
1399,Ivan,21,100.0,85.0,85.0,456 Oak St,
1400,Hannah,21,100.0,100.0,70.0,975 Walnut St,
1401,Eve,23,90.0,,85.0,975 Walnut St,45678
1402,Alice,22,85.0,80.0,85.0,975 Walnut St,12345
1403,Grace,20,100.0,75.0,80.0,123 Elm St,45678
1404,Eve,23,,80.0,95.0,975 Walnut St,12345
1405,Frank,22,85.0,80.0,70.0,123 Elm St,
1406,Grace,22,80.0,90.0,,975 Walnut St,67890
1407,Charlie,20,80.0,80.0,,789 Pine St,56789
1408,Julia,20,100.0,80.0,90.0,456 Oak St,
1409,Charlie,20,85.0,85.0,75.0,789 Pine St,12345
1410,Eve,21,90.0,75.0,90.0,975 Walnut St,12345
1411,Frank,20,90.0,85.0,90.0,456 Oak St,12345
1412,Ivan,22,95.0,85.0,,456 Oak St,
1413,Eve,20,80.0,,80.0,,23456
1414,Alice,22,70.0,85.0,85.0,135 Maple St,67890
1415,David,23,95.0,90.0,95.0,789 Pine St,23456
1416,Eve,21,90.0,90.0,85.0,135 Maple St,56789
1417,Julia,23,85.0,100.0,85.0,456 Oak St,
1418,Julia,23,90.0,,70.0,123 Elm St,12345
1419,Eve,22,85.0,100.0,,456 Oak St,67890
1420,Grace,23,95.0,100.0,95.0,135 Maple St,67890
1421,David,22,80.0,95.0,80.0,789 Pine St,34567
1422,Alice,20,90.0,75.0,70.0,975 Walnut St,56789
1423,Eve,20,100.0,75.0,75.0,,67890
1424,Grace,22,85.0,85.0,80.0,,
1425,Julia,20,80.0,85.0,90.0,,12345
1426,Julia,21,70.0,95.0,80.0,975 Walnut St,12345
1427,Frank,23,85.0,85.0,80.0,,67890
1428,Eve,21,95.0,75.0,85.0,789 Pine St,23456
1429,David,23,70.0,100.0,80.0,975 Walnut St,56789
1430,Bob,20,70.0,80.0,90.0,,12345
1431,David,21,,90.0,90.0,975 Walnut St,67890
1432,Julia,20,90.0,80.0,,135 Maple St,12345
1433,Julia,23,85.0,80.0,80.0,789 Pine St,67890
1434,Charlie,22,70.0,75.0,85.0,246 Cedar St,56789
1435,Julia,22,,80.0,80.0,123 Elm St,67890
1436,Alice,21,95.0,95.0,75.0,,34567
1437,Hannah,20,80.0,,75.0,123 Elm St,67890
1438,Eve,20,100.0,85.0,85.0,975 Walnut St,67890
1439,David,21,100.0,,,123 Elm St,
1440,Hannah,22,85.0,100.0,,789 Pine St,56789
1441,Grace,23,70.0,90.0,90.0,789 Pine St,
1442,Bob,21,100.0,85.0,90.0,456 Oak St,67890
1443,Alice,23,90.0,80.0,70.0,,56789
1444,David,22,100.0,90.0,85.0,456 Oak St,34567
1445,Hannah,20,100.0,85.0,80.0,123 Elm St,56789
1446,Bob,22,100.0,95.0,95.0,246 Cedar St,12345
1447,Charlie,21,,95.0,85.0,456 Oak St,
1448,Alice,20,70.0,95.0,70.0,456 Oak St,56789
1449,Alice,21,90.0,95.0,90.0,789 Pine St,34567
1450,Charlie,21,70.0,80.0,85.0,246 Cedar St,45678
1451,Eve,22,85.0,,85.0,975 Walnut St,67890
1452,Charlie,21,85.0,85.0,90.0,123 Elm St,56789
1453,Alice,22,85.0,80.0,70.0,456 Oak St,67890
1454,Alice,20,95.0,95.0,90.0,246 Cedar St,23456
1455,Hannah,22,100.0,100.0,,,12345
1456,Julia,20,95.0,,80.0,246 Cedar St,
1457,Bob,22,,100.0,90.0,123 Elm St,12345
1458,Charlie,23,85.0,90.0,70.0,246 Cedar St,23456
1459,Bob,23,90.0,100.0,75.0,246 Cedar St,23456
1460,Charlie,21,70.0,90.0,,246 Cedar St,
1461,Grace,22,100.0,90.0,75.0,,56789
1462,Alice,22,80.0,95.0,95.0,456 Oak St,23456
1463,Julia,20,90.0,90.0,90.0,123 Elm St,45678
1464,Hannah,21,100.0,75.0,,,67890
1465,Julia,22,95.0,85.0,80.0,246 Cedar St,67890
1466,Julia,21,95.0,85.0,90.0,246 Cedar St,34567
1467,Julia,23,90.0,95.0,80.0,456 Oak St,23456
1468,Bob,22,95.0,75.0,85.0,123 Elm St,23456
1469,Charlie,22,85.0,100.0,75.0,789 Pine St,45678
1470,Ivan,21,,80.0,,,12345
1471,Grace,22,70.0,100.0,80.0,456 Oak St,12345
1472,David,21,,80.0,70.0,123 Elm St,67890
1473,Julia,22,100.0,90.0,80.0,,67890
1474,Eve,20,70.0,,70.0,246 Cedar St,56789
1475,Bob,21,70.0,80.0,90.0,123 Elm St,
1476,Hannah,22,,,,123 Elm St,45678
1477,David,23,90.0,85.0,80.0,975 Walnut St,
1478,Ivan,22,70.0,,95.0,123 Elm St,
1479,Eve,23,,85.0,80.0,789 Pine St,34567
1480,Ivan,23,70.0,75.0,95.0,123 Elm St,
1481,David,20,80.0,75.0,,789 Pine St,34567
1482,Julia,21,90.0,95.0,80.0,246 Cedar St,
1483,Eve,22,85.0,95.0,70.0,789 Pine St,45678
1484,Ivan,20,70.0,90.0,80.0,,34567
1485,Hannah,22,80.0,80.0,75.0,246 Cedar St,12345
1486,Charlie,23,85.0,90.0,90.0,246 Cedar St,34567
1487,Alice,21,85.0,85.0,85.0,789 Pine St,34567
1488,Charlie,22,100.0,90.0,70.0,456 Oak St,45678
1489,David,22,70.0,,75.0,135 Maple St,45678
1490,Bob,23,,85.0,95.0,123 Elm St,34567
1491,Alice,22,70.0,95.0,90.0,975 Walnut St,23456
1492,Grace,22,80.0,75.0,,135 Maple St,45678
1493,Hannah,23,85.0,95.0,70.0,123 Elm St,56789
1494,Grace,20,70.0,80.0,85.0,123 Elm St,56789
1495,Eve,23,,85.0,90.0,246 Cedar St,12345
1496,Alice,20,100.0,85.0,95.0,123 Elm St,
1497,Grace,21,70.0,,85.0,975 Walnut St,34567
1498,Grace,20,90.0,80.0,,123 Elm St,23456
1499,Ivan,20,100.0,75.0,,789 Pine St,12345
1500,Charlie,21,,100.0,95.0,135 Maple St,34567
1501,Ivan,20,80.0,85.0,70.0,789 Pine St,45678
1502,Alice,23,85.0,85.0,95.0,975 Walnut St,56789
1503,Alice,20,70.0,,80.0,123 Elm St,67890
1504,David,21,,90.0,,,23456
1505,Ivan,23,100.0,75.0,90.0,975 Walnut St,67890
1506,Frank,21,90.0,95.0,80.0,246 Cedar St,56789
1507,Charlie,21,,80.0,75.0,789 Pine St,
1508,Alice,22,95.0,85.0,85.0,789 Pine St,
1509,David,22,90.0,85.0,80.0,456 Oak St,67890
1510,Ivan,21,100.0,95.0,85.0,123 Elm St,45678
1511,Charlie,21,80.0,75.0,95.0,246 Cedar St,34567
1512,Ivan,21,85.0,90.0,80.0,,45678
1513,Grace,22,100.0,85.0,95.0,789 Pine St,67890
1514,David,22,80.0,75.0,75.0,789 Pine St,45678
1515,Charlie,20,70.0,95.0,,246 Cedar St,56789
1516,Julia,20,,,75.0,975 Walnut St,23456
1517,Eve,21,95.0,90.0,,975 Walnut St,45678
1518,Eve,23,90.0,80.0,95.0,123 Elm St,56789
1519,Charlie,23,90.0,85.0,,456 Oak St,23456
1520,Ivan,22,,75.0,85.0,789 Pine St,
1521,David,22,95.0,,90.0,456 Oak St,34567
1522,Eve,22,,80.0,75.0,975 Walnut St,67890
1523,David,21,70.0,100.0,80.0,975 Walnut St,
1524,Eve,23,80.0,75.0,75.0,135 Maple St,34567
1525,Grace,20,100.0,75.0,85.0,,
1526,Ivan,21,90.0,80.0,,123 Elm St,12345
1527,Grace,20,70.0,,85.0,135 Maple St,
1528,Eve,20,80.0,100.0,70.0,,56789
1529,Julia,21,70.0,95.0,70.0,135 Maple St,23456
1530,Julia,20,95.0,,80.0,135 Maple St,
1531,Grace,23,90.0,90.0,85.0,123 Elm St,45678
1532,Julia,20,100.0,85.0,95.0,123 Elm St,34567
1533,Eve,23,,80.0,80.0,246 Cedar St,
1534,Charlie,23,,95.0,95.0,456 Oak St,23456
1535,Grace,23,80.0,100.0,80.0,456 Oak St,56789
1536,Bob,22,100.0,80.0,70.0,246 Cedar St,12345
1537,Ivan,20,85.0,80.0,80.0,246 Cedar St,34567
1538,Julia,21,95.0,,70.0,975 Walnut St,67890
1539,Julia,21,80.0,85.0,,,23456
1540,Alice,20,85.0,90.0,95.0,135 Maple St,67890
1541,Frank,22,70.0,75.0,85.0,246 Cedar St,23456
1542,Grace,22,95.0,75.0,80.0,789 Pine St,23456
1543,Hannah,23,70.0,80.0,70.0,456 Oak St,56789
1544,Julia,20,100.0,85.0,75.0,246 Cedar St,56789
1545,Ivan,20,90.0,100.0,95.0,789 Pine St,56789
1546,Bob,21,95.0,100.0,80.0,789 Pine St,
1547,Julia,20,85.0,95.0,90.0,789 Pine St,45678
1548,Bob,22,90.0,,,975 Walnut St,23456
1549,Eve,20,,85.0,,975 Walnut St,34567
1550,Eve,21,85.0,85.0,75.0,789 Pine St,67890
1551,Frank,23,80.0,,70.0,,56789
1552,Charlie,21,,100.0,80.0,975 Walnut St,
1553,Hannah,21,,100.0,95.0,135 Maple St,56789
1554,Alice,23,80.0,100.0,70.0,789 Pine St,67890
1555,Frank,21,95.0,80.0,,135 Maple St,67890
1556,David,21,,85.0,70.0,135 Maple St,23456
1557,Alice,20,100.0,75.0,,789 Pine St,56789
1558,Grace,20,85.0,,70.0,456 Oak St,67890
1559,Ivan,23,90.0,100.0,75.0,,45678
1560,David,20,,95.0,85.0,789 Pine St,45678
1561,David,20,85.0,100.0,75.0,789 Pine St,56789
1562,Frank,21,70.0,100.0,75.0,975 Walnut St,
1563,Charlie,22,85.0,90.0,85.0,789 Pine St,67890
1564,Frank,20,90.0,80.0,85.0,456 Oak St,23456
1565,Grace,22,85.0,,80.0,975 Walnut St,23456
1566,Julia,20,80.0,90.0,95.0,123 Elm St,
1567,Julia,20,90.0,90.0,95.0,123 Elm St,23456
1568,Charlie,23,95.0,95.0,80.0,135 Maple St,12345
1569,Grace,23,70.0,85.0,75.0,,56789
1570,Charlie,23,80.0,95.0,75.0,135 Maple St,23456
1571,Bob,22,95.0,85.0,,456 Oak St,45678
1572,Julia,21,85.0,85.0,,246 Cedar St,67890
1573,David,20,90.0,,95.0,,34567
1574,Hannah,20,70.0,100.0,80.0,123 Elm St,
1575,Ivan,20,80.0,,90.0,135 Maple St,34567
1576,Grace,22,95.0,80.0,90.0,123 Elm St,23456
1577,Alice,23,95.0,85.0,80.0,456 Oak St,34567
1578,Charlie,21,70.0,90.0,,456 Oak St,34567
1579,Ivan,22,100.0,100.0,95.0,246 Cedar St,12345
1580,Alice,23,85.0,75.0,95.0,246 Cedar St,45678
1581,Ivan,22,70.0,80.0,,975 Walnut St,
1582,Hannah,21,95.0,,90.0,,45678
1583,Alice,23,,95.0,70.0,456 Oak St,12345
1584,Frank,22,80.0,80.0,70.0,135 Maple St,12345
1585,Eve,21,70.0,80.0,,123 Elm St,34567
1586,Frank,20,100.0,100.0,70.0,789 Pine St,56789
1587,Julia,21,95.0,80.0,85.0,246 Cedar St,67890
1588,Eve,20,85.0,80.0,80.0,789 Pine St,67890
1589,Frank,22,95.0,75.0,80.0,135 Maple St,34567
1590,Eve,23,85.0,95.0,,246 Cedar St,67890
1591,Eve,23,70.0,95.0,75.0,789 Pine St,12345
1592,David,22,85.0,95.0,90.0,,45678
1593,Charlie,23,90.0,85.0,,135 Maple St,67890
1594,Charlie,23,90.0,90.0,70.0,123 Elm St,
1595,David,20,90.0,95.0,90.0,,34567
1596,Ivan,22,100.0,80.0,75.0,135 Maple St,56789
1597,Bob,21,100.0,80.0,70.0,975 Walnut St,34567
1598,Ivan,20,,95.0,95.0,246 Cedar St,23456
1599,Alice,22,100.0,100.0,85.0,456 Oak St,34567
1600,Alice,20,70.0,95.0,70.0,123 Elm St,12345
1601,Eve,21,95.0,80.0,85.0,,45678
1602,Frank,21,95.0,85.0,90.0,,45678
1603,Frank,22,,,85.0,789 Pine St,
1604,Charlie,21,100.0,,90.0,246 Cedar St,67890
1605,Grace,20,85.0,95.0,90.0,456 Oak St,12345
1606,Ivan,21,,75.0,90.0,135 Maple St,23456
1607,Julia,20,85.0,95.0,90.0,456 Oak St,12345
1608,Hannah,20,85.0,100.0,90.0,246 Cedar St,34567
1609,Frank,21,80.0,95.0,70.0,246 Cedar St,12345
1610,Hannah,22,95.0,,90.0,975 Walnut St,12345
1611,Eve,23,90.0,80.0,70.0,975 Walnut St,
1612,Hannah,21,100.0,95.0,90.0,456 Oak St,23456
1613,Julia,20,85.0,80.0,85.0,135 Maple St,34567
1614,David,20,80.0,80.0,95.0,456 Oak St,56789
1615,Julia,21,95.0,75.0,90.0,246 Cedar St,
1616,Hannah,22,90.0,80.0,75.0,246 Cedar St,56789
1617,Julia,22,85.0,,90.0,789 Pine St,
1618,Bob,20,85.0,85.0,90.0,975 Walnut St,45678
1619,Eve,20,,85.0,85.0,789 Pine St,
1620,Ivan,22,,90.0,80.0,123 Elm St,67890
1621,David,23,95.0,100.0,85.0,246 Cedar St,12345
1622,Frank,21,90.0,95.0,75.0,789 Pine St,45678
1623,Alice,20,85.0,100.0,80.0,456 Oak St,23456
1624,Ivan,20,95.0,,,975 Walnut St,56789
1625,Alice,22,95.0,80.0,,975 Walnut St,
1626,Eve,21,70.0,85.0,75.0,135 Maple St,12345
1627,David,22,100.0,100.0,85.0,456 Oak St,23456
1628,Charlie,21,,,70.0,135 Maple St,67890
1629,Frank,21,90.0,85.0,75.0,789 Pine St,23456
1630,Bob,21,85.0,80.0,95.0,,12345
1631,Charlie,20,95.0,100.0,80.0,123 Elm St,67890
1632,Eve,23,85.0,85.0,80.0,456 Oak St,23456
1633,Ivan,22,70.0,95.0,90.0,456 Oak St,67890
1634,Bob,23,90.0,95.0,,456 Oak St,
1635,Julia,22,95.0,90.0,80.0,135 Maple St,
1636,Hannah,21,85.0,90.0,75.0,789 Pine St,12345
1637,Bob,20,,85.0,80.0,456 Oak St,12345
1638,Eve,23,100.0,,75.0,,67890
1639,Grace,20,70.0,95.0,70.0,456 Oak St,34567
1640,Hannah,22,90.0,,90.0,975 Walnut St,45678
1641,Alice,20,70.0,,,123 Elm St,23456
1642,Frank,20,,85.0,80.0,975 Walnut St,23456
1643,Alice,23,90.0,,75.0,975 Walnut St,34567
1644,Bob,21,70.0,95.0,85.0,123 Elm St,34567
1645,Alice,20,80.0,80.0,,,34567
1646,Eve,21,,90.0,70.0,789 Pine St,56789
1647,Julia,22,,80.0,75.0,975 Walnut St,56789
1648,Ivan,20,,,95.0,789 Pine St,67890
1649,Frank,23,80.0,80.0,95.0,975 Walnut St,56789
1650,Alice,22,80.0,95.0,90.0,246 Cedar St,
1651,Alice,22,85.0,95.0,90.0,123 Elm St,
1652,Bob,23,95.0,,70.0,975 Walnut St,12345
1653,Ivan,20,100.0,85.0,70.0,246 Cedar St,67890
1654,Charlie,20,70.0,80.0,90.0,135 Maple St,23456
1655,Alice,22,85.0,85.0,80.0,246 Cedar St,45678
1656,Eve,20,70.0,85.0,80.0,456 Oak St,12345
1657,Grace,21,100.0,75.0,75.0,975 Walnut St,23456
1658,Frank,23,95.0,,85.0,246 Cedar St,23456
1659,Alice,21,80.0,90.0,75.0,789 Pine St,67890
1660,Eve,20,95.0,95.0,85.0,135 Maple St,34567
1661,Eve,22,80.0,95.0,70.0,,34567
1662,Frank,23,100.0,,,975 Walnut St,12345
1663,Charlie,20,95.0,100.0,75.0,456 Oak St,34567
1664,Eve,20,85.0,100.0,75.0,,23456
1665,Grace,22,90.0,100.0,85.0,246 Cedar St,34567
1666,Eve,22,85.0,90.0,70.0,,56789
1667,Eve,21,70.0,95.0,70.0,,34567
1668,Eve,23,85.0,,95.0,135 Maple St,23456
1669,Julia,23,100.0,95.0,85.0,,67890
1670,Julia,22,,85.0,70.0,,12345
1671,Charlie,21,70.0,80.0,90.0,975 Walnut St,45678
1672,Alice,23,95.0,80.0,80.0,135 Maple St,34567
1673,Eve,22,70.0,95.0,95.0,456 Oak St,
1674,Ivan,20,90.0,75.0,90.0,246 Cedar St,
1675,Alice,23,80.0,90.0,,135 Maple St,23456
1676,Charlie,21,95.0,100.0,75.0,135 Maple St,45678
1677,David,21,70.0,90.0,95.0,123 Elm St,45678
1678,Alice,21,95.0,90.0,,135 Maple St,56789
1679,Alice,20,95.0,85.0,75.0,123 Elm St,45678
1680,Hannah,23,95.0,90.0,80.0,246 Cedar St,
1681,Bob,23,80.0,80.0,70.0,,67890
1682,Hannah,20,100.0,85.0,90.0,975 Walnut St,23456
1683,Grace,23,85.0,,85.0,975 Walnut St,23456
1684,Julia,20,95.0,90.0,90.0,246 Cedar St,34567
1685,Julia,20,,90.0,80.0,246 Cedar St,34567
1686,Bob,20,100.0,,,789 Pine St,34567
1687,Frank,21,90.0,90.0,85.0,,
1688,Frank,23,80.0,,70.0,246 Cedar St,
1689,Charlie,20,70.0,85.0,80.0,135 Maple St,
1690,Bob,23,80.0,80.0,85.0,975 Walnut St,
1691,Alice,21,70.0,,80.0,456 Oak St,
1692,Frank,20,80.0,75.0,80.0,975 Walnut St,
1693,Eve,22,70.0,,70.0,123 Elm St,67890
1694,Ivan,21,95.0,90.0,95.0,975 Walnut St,
1695,Alice,22,85.0,100.0,75.0,789 Pine St,45678
1696,Grace,23,70.0,100.0,85.0,,45678
1697,Eve,23,70.0,85.0,70.0,246 Cedar St,56789
1698,Eve,21,,95.0,80.0,,67890
1699,Bob,23,70.0,85.0,70.0,246 Cedar St,34567
1700,Charlie,22,,95.0,95.0,975 Walnut St,12345
1701,Grace,20,90.0,100.0,75.0,456 Oak St,
1702,Frank,20,95.0,100.0,90.0,456 Oak St,56789
1703,Bob,20,,,85.0,789 Pine St,12345
1704,Frank,21,85.0,80.0,75.0,123 Elm St,45678
1705,Bob,23,100.0,75.0,,975 Walnut St,56789
1706,Bob,22,95.0,85.0,85.0,246 Cedar St,56789
1707,Bob,23,,90.0,75.0,975 Walnut St,23456
1708,Charlie,23,95.0,95.0,80.0,789 Pine St,45678
1709,Bob,23,95.0,90.0,85.0,135 Maple St,45678
1710,David,20,95.0,80.0,85.0,135 Maple St,67890
1711,Ivan,22,90.0,95.0,70.0,789 Pine St,56789
1712,Frank,22,85.0,85.0,80.0,246 Cedar St,
1713,Alice,23,80.0,,,,45678
1714,Hannah,20,80.0,90.0,90.0,789 Pine St,56789
1715,Grace,20,,80.0,95.0,246 Cedar St,67890
1716,Julia,22,95.0,85.0,75.0,456 Oak St,
1717,Charlie,20,,100.0,70.0,789 Pine St,67890
1718,Alice,20,90.0,100.0,75.0,246 Cedar St,23456
1719,Eve,20,90.0,85.0,,789 Pine St,
1720,David,21,70.0,85.0,,789 Pine St,56789
1721,Julia,23,90.0,85.0,85.0,,45678
1722,Hannah,22,70.0,95.0,95.0,,45678
1723,Alice,22,85.0,85.0,,246 Cedar St,56789
1724,Julia,21,,90.0,75.0,246 Cedar St,56789
1725,Alice,23,100.0,80.0,80.0,123 Elm St,56789
1726,David,22,85.0,95.0,80.0,789 Pine St,34567
1727,Hannah,20,90.0,85.0,85.0,135 Maple St,
1728,Eve,22,85.0,75.0,90.0,789 Pine St,45678
1729,Bob,20,85.0,75.0,75.0,789 Pine St,
1730,Frank,21,85.0,80.0,75.0,246 Cedar St,67890
1731,Eve,20,90.0,100.0,,789 Pine St,45678
1732,Bob,22,100.0,,95.0,975 Walnut St,34567
1733,Charlie,22,95.0,,75.0,789 Pine St,56789
1734,Ivan,22,85.0,100.0,70.0,975 Walnut St,23456
1735,Grace,21,70.0,95.0,90.0,,56789
1736,Grace,21,90.0,95.0,,135 Maple St,56789
1737,Frank,23,85.0,95.0,70.0,246 Cedar St,34567
1738,Hannah,22,100.0,,85.0,789 Pine St,
1739,David,20,95.0,75.0,80.0,975 Walnut St,45678
1740,Hannah,21,90.0,,85.0,975 Walnut St,56789
1741,David,22,80.0,90.0,80.0,,45678
1742,Hannah,22,95.0,85.0,85.0,975 Walnut St,12345
1743,Ivan,21,70.0,95.0,75.0,456 Oak St,67890
1744,Charlie,23,85.0,75.0,70.0,123 Elm St,
1745,Charlie,21,100.0,80.0,80.0,135 Maple St,45678
1746,Bob,21,80.0,80.0,,,23456
1747,Julia,20,100.0,85.0,70.0,,67890
1748,Charlie,20,80.0,75.0,,789 Pine St,23456
1749,Charlie,23,90.0,,70.0,456 Oak St,56789
1750,Eve,22,80.0,,70.0,789 Pine St,67890
1751,Eve,21,70.0,90.0,85.0,789 Pine St,45678
1752,Bob,23,70.0,90.0,80.0,246 Cedar St,67890
1753,Julia,20,,,80.0,246 Cedar St,56789
1754,Frank,21,70.0,80.0,95.0,246 Cedar St,34567
1755,Eve,22,95.0,95.0,70.0,456 Oak St,
1756,Frank,20,80.0,80.0,75.0,789 Pine St,23456
1757,Alice,20,70.0,90.0,75.0,123 Elm St,56789
1758,Eve,20,90.0,85.0,,135 Maple St,34567
1759,Ivan,23,100.0,,,246 Cedar St,67890
1760,Julia,22,100.0,90.0,85.0,246 Cedar St,67890
1761,Bob,21,,90.0,70.0,,56789
1762,Alice,23,100.0,95.0,,789 Pine St,45678
1763,Julia,23,80.0,,,789 Pine St,67890
1764,Ivan,23,,95.0,90.0,456 Oak St,45678
1765,Julia,20,80.0,,70.0,456 Oak St,45678
1766,Ivan,22,90.0,95.0,85.0,246 Cedar St,
1767,Ivan,23,,80.0,,789 Pine St,45678
1768,Frank,21,85.0,85.0,85.0,123 Elm St,12345
1769,Hannah,22,95.0,85.0,80.0,135 Maple St,
1770,Alice,21,95.0,,85.0,789 Pine St,34567
1771,Julia,22,80.0,75.0,75.0,,34567
1772,David,21,100.0,100.0,75.0,789 Pine St,67890
1773,Alice,20,85.0,90.0,85.0,975 Walnut St,67890
1774,Hannah,23,,90.0,75.0,456 Oak St,45678
1775,Alice,21,85.0,,80.0,,
1776,Charlie,22,85.0,95.0,70.0,135 Maple St,
1777,David,23,100.0,75.0,75.0,246 Cedar St,12345
1778,Hannah,23,,80.0,75.0,,45678
1779,Frank,22,90.0,95.0,85.0,789 Pine St,12345
1780,Julia,21,100.0,95.0,80.0,246 Cedar St,45678
1781,Grace,20,85.0,,95.0,789 Pine St,23456
1782,Hannah,20,85.0,,95.0,246 Cedar St,23456
1783,Bob,21,90.0,90.0,95.0,135 Maple St,56789
1784,Julia,23,85.0,,95.0,456 Oak St,45678
1785,Hannah,23,85.0,,70.0,135 Maple St,
1786,Charlie,23,85.0,,85.0,975 Walnut St,67890
1787,Grace,23,95.0,90.0,85.0,123 Elm St,34567
1788,Charlie,21,100.0,80.0,90.0,456 Oak St,56789
1789,Grace,23,70.0,80.0,80.0,135 Maple St,67890
1790,Bob,22,100.0,100.0,95.0,975 Walnut St,23456
1791,Julia,23,90.0,100.0,70.0,123 Elm St,45678
1792,Frank,20,85.0,,80.0,975 Walnut St,56789
1793,Charlie,23,100.0,100.0,95.0,789 Pine St,45678
1794,Charlie,21,95.0,90.0,70.0,789 Pine St,23456
1795,Ivan,20,90.0,80.0,80.0,246 Cedar St,56789
1796,Grace,21,80.0,95.0,85.0,456 Oak St,23456
1797,Eve,21,100.0,80.0,85.0,789 Pine St,12345
1798,Julia,20,80.0,80.0,,,23456
1799,Grace,21,85.0,90.0,75.0,975 Walnut St,
1800,Ivan,21,95.0,100.0,95.0,456 Oak St,
1801,Alice,23,95.0,95.0,90.0,,45678
1802,Grace,22,100.0,90.0,80.0,789 Pine St,34567
1803,Frank,21,90.0,,90.0,246 Cedar St,23456
1804,Julia,21,90.0,85.0,,135 Maple St,67890
1805,Ivan,21,95.0,80.0,75.0,246 Cedar St,
1806,Alice,23,90.0,85.0,80.0,,34567
1807,David,22,95.0,90.0,70.0,123 Elm St,12345
1808,Ivan,20,100.0,90.0,95.0,789 Pine St,56789
1809,David,23,70.0,90.0,75.0,,56789
1810,Julia,23,95.0,85.0,85.0,123 Elm St,
1811,Charlie,22,80.0,90.0,,123 Elm St,34567
1812,Ivan,22,90.0,,75.0,975 Walnut St,
1813,Bob,23,95.0,90.0,95.0,456 Oak St,56789
1814,David,20,95.0,75.0,75.0,975 Walnut St,23456
1815,Frank,23,100.0,100.0,95.0,789 Pine St,34567
1816,Bob,22,90.0,85.0,85.0,123 Elm St,45678
1817,Hannah,20,70.0,75.0,80.0,,23456
1818,Hannah,22,100.0,90.0,70.0,135 Maple St,23456
1819,Alice,20,70.0,,85.0,123 Elm St,23456
1820,Charlie,21,100.0,80.0,70.0,,45678
1821,Julia,22,90.0,95.0,80.0,135 Maple St,12345
1822,Ivan,22,,100.0,75.0,975 Walnut St,67890
1823,Eve,23,90.0,95.0,70.0,975 Walnut St,
1824,Frank,22,90.0,90.0,,456 Oak St,56789
1825,David,22,70.0,100.0,,,
1826,Julia,21,70.0,100.0,95.0,123 Elm St,34567
1827,Bob,22,90.0,,85.0,246 Cedar St,12345
1828,Hannah,21,90.0,100.0,80.0,975 Walnut St,34567
1829,Frank,21,90.0,85.0,95.0,975 Walnut St,
1830,Eve,21,70.0,75.0,85.0,456 Oak St,56789
1831,Ivan,21,90.0,75.0,85.0,135 Maple St,45678
1832,Alice,20,90.0,75.0,95.0,456 Oak St,
1833,Eve,23,85.0,85.0,90.0,123 Elm St,23456
1834,Frank,20,,95.0,85.0,,
1835,Eve,22,80.0,,90.0,789 Pine St,23456
1836,Frank,20,,100.0,,789 Pine St,45678
1837,Frank,20,85.0,85.0,,,
1838,Grace,22,80.0,75.0,85.0,135 Maple St,12345
1839,David,22,100.0,90.0,,975 Walnut St,12345
1840,Hannah,22,90.0,80.0,80.0,135 Maple St,34567
1841,Grace,20,85.0,100.0,90.0,975 Walnut St,45678
1842,Ivan,20,100.0,85.0,90.0,975 Walnut St,12345
1843,Grace,22,90.0,85.0,85.0,789 Pine St,
1844,Charlie,23,70.0,,,135 Maple St,45678
1845,Charlie,23,95.0,,70.0,456 Oak St,56789
1846,Hannah,21,85.0,85.0,95.0,975 Walnut St,23456
1847,Eve,22,70.0,75.0,95.0,246 Cedar St,
1848,David,21,85.0,80.0,90.0,246 Cedar St,23456
1849,Hannah,23,85.0,100.0,85.0,456 Oak St,23456
1850,Frank,21,70.0,,85.0,246 Cedar St,45678
1851,Bob,22,80.0,100.0,80.0,123 Elm St,45678
1852,David,22,,75.0,75.0,975 Walnut St,34567
1853,David,22,90.0,100.0,75.0,456 Oak St,23456
1854,Frank,20,85.0,90.0,90.0,135 Maple St,34567
1855,Frank,21,90.0,,95.0,975 Walnut St,23456
1856,Alice,23,95.0,75.0,80.0,456 Oak St,34567
1857,Hannah,23,70.0,75.0,80.0,789 Pine St,34567
1858,Frank,23,90.0,80.0,80.0,135 Maple St,56789
1859,Charlie,20,70.0,80.0,90.0,789 Pine St,34567
1860,Ivan,20,90.0,90.0,75.0,975 Walnut St,45678
1861,Bob,22,,75.0,95.0,135 Maple St,34567
1862,Hannah,23,,95.0,80.0,246 Cedar St,23456
1863,Julia,20,,75.0,95.0,456 Oak St,34567
1864,Charlie,22,,80.0,,975 Walnut St,12345
1865,Eve,23,,95.0,85.0,123 Elm St,67890
1866,Frank,21,,,85.0,135 Maple St,23456
1867,Julia,22,70.0,,95.0,135 Maple St,12345
1868,Frank,20,85.0,100.0,70.0,,23456
1869,David,20,90.0,85.0,70.0,975 Walnut St,45678
1870,Charlie,22,,80.0,90.0,975 Walnut St,67890
1871,David,22,70.0,85.0,90.0,789 Pine St,67890
1872,Alice,20,70.0,95.0,85.0,,45678
1873,David,21,70.0,80.0,,246 Cedar St,67890
1874,Alice,23,85.0,90.0,75.0,789 Pine St,45678
1875,Alice,21,90.0,75.0,75.0,,12345
1876,Julia,22,85.0,90.0,90.0,789 Pine St,56789
1877,Frank,21,80.0,95.0,,246 Cedar St,23456
1878,Eve,20,100.0,80.0,90.0,,45678
1879,David,22,70.0,95.0,75.0,,23456
1880,Charlie,23,80.0,75.0,95.0,123 Elm St,12345
1881,Alice,20,95.0,,90.0,789 Pine St,56789
1882,Frank,20,,,80.0,789 Pine St,12345
1883,Bob,23,100.0,95.0,95.0,135 Maple St,67890
1884,Hannah,23,,85.0,90.0,246 Cedar St,23456
1885,Julia,21,85.0,80.0,85.0,456 Oak St,
1886,Eve,22,100.0,80.0,90.0,123 Elm St,56789
1887,Grace,23,90.0,,85.0,,67890
1888,Julia,23,80.0,100.0,,,56789
1889,Bob,22,90.0,90.0,75.0,,67890
1890,Hannah,23,85.0,100.0,95.0,123 Elm St,12345
1891,Bob,23,,75.0,95.0,,45678
1892,David,21,100.0,90.0,70.0,,23456
1893,Alice,20,90.0,90.0,70.0,246 Cedar St,34567
1894,Eve,20,90.0,95.0,75.0,975 Walnut St,34567
1895,Ivan,20,,,70.0,975 Walnut St,12345
1896,Alice,20,100.0,100.0,95.0,135 Maple St,23456
1897,Ivan,23,80.0,100.0,90.0,135 Maple St,23456
1898,Hannah,22,,,,,12345
1899,Frank,22,90.0,100.0,,246 Cedar St,23456
1900,Grace,21,80.0,,75.0,,45678
1901,Charlie,21,80.0,95.0,70.0,135 Maple St,12345
1902,Alice,23,,85.0,90.0,123 Elm St,45678
1903,Eve,22,90.0,90.0,,123 Elm St,23456
1904,Bob,22,85.0,95.0,,456 Oak St,12345
1905,Eve,20,90.0,80.0,80.0,975 Walnut St,23456
1906,Hannah,23,70.0,75.0,80.0,246 Cedar St,12345
1907,Ivan,23,100.0,85.0,95.0,789 Pine St,23456
1908,Bob,20,95.0,80.0,,975 Walnut St,45678
1909,Charlie,23,85.0,90.0,75.0,789 Pine St,
1910,Charlie,23,80.0,100.0,85.0,456 Oak St,45678
1911,Alice,21,85.0,,85.0,456 Oak St,23456
1912,Hannah,22,100.0,90.0,90.0,,12345
1913,Frank,23,80.0,95.0,,135 Maple St,34567
1914,Hannah,21,100.0,75.0,,456 Oak St,45678
1915,Ivan,22,80.0,95.0,95.0,456 Oak St,45678
1916,Eve,20,85.0,85.0,,789 Pine St,67890
1917,Charlie,21,80.0,85.0,75.0,135 Maple St,34567
1918,Eve,21,80.0,75.0,80.0,456 Oak St,23456
1919,Eve,22,70.0,80.0,,975 Walnut St,
1920,Eve,20,90.0,80.0,,456 Oak St,12345
1921,Charlie,21,90.0,85.0,95.0,135 Maple St,67890
1922,Julia,23,95.0,85.0,70.0,,23456
1923,David,23,95.0,100.0,95.0,246 Cedar St,56789
1924,Ivan,23,70.0,,95.0,135 Maple St,
1925,Julia,20,95.0,100.0,75.0,789 Pine St,45678
1926,Ivan,21,100.0,100.0,90.0,246 Cedar St,56789
1927,Bob,23,85.0,80.0,,975 Walnut St,45678
1928,Hannah,20,,75.0,95.0,123 Elm St,45678
1929,Hannah,23,100.0,80.0,95.0,135 Maple St,56789
1930,Grace,22,,,70.0,,
1931,Hannah,21,,95.0,95.0,789 Pine St,56789
1932,Charlie,21,70.0,85.0,85.0,975 Walnut St,23456
1933,Frank,20,100.0,85.0,90.0,246 Cedar St,67890
1934,Alice,20,70.0,,,975 Walnut St,67890
1935,Grace,21,80.0,100.0,,135 Maple St,56789
1936,Alice,23,,75.0,70.0,456 Oak St,23456
1937,Ivan,23,85.0,85.0,75.0,,67890
1938,Alice,22,95.0,90.0,,135 Maple St,23456
1939,Alice,23,85.0,100.0,85.0,123 Elm St,23456
1940,Grace,20,95.0,85.0,,135 Maple St,45678
1941,Bob,20,,90.0,85.0,246 Cedar St,67890
1942,Eve,23,,,90.0,246 Cedar St,67890
1943,Hannah,20,,,90.0,135 Maple St,45678
1944,Hannah,21,70.0,100.0,80.0,246 Cedar St,56789
1945,Charlie,21,100.0,85.0,80.0,456 Oak St,45678
1946,Grace,23,95.0,80.0,85.0,975 Walnut St,67890
1947,Charlie,21,100.0,90.0,75.0,135 Maple St,67890
1948,Frank,21,70.0,75.0,,,
1949,Frank,22,70.0,85.0,95.0,456 Oak St,56789
1950,Charlie,22,90.0,75.0,,975 Walnut St,45678
1951,Grace,21,85.0,85.0,80.0,,12345
1952,Charlie,23,85.0,80.0,95.0,,12345
1953,Hannah,22,80.0,80.0,85.0,,56789
1954,Julia,20,70.0,100.0,95.0,975 Walnut St,45678
1955,David,20,95.0,100.0,,456 Oak St,45678
1956,Alice,20,90.0,80.0,,,23456
1957,David,23,90.0,95.0,75.0,,67890
1958,Grace,21,100.0,80.0,70.0,789 Pine St,34567
1959,David,20,85.0,,95.0,135 Maple St,
1960,Frank,23,70.0,,80.0,975 Walnut St,56789
1961,Ivan,22,80.0,95.0,80.0,975 Walnut St,34567
1962,Alice,21,70.0,90.0,70.0,246 Cedar St,34567
1963,Eve,22,100.0,75.0,,975 Walnut St,56789
1964,Grace,23,,85.0,75.0,456 Oak St,45678
1965,Alice,20,70.0,85.0,75.0,975 Walnut St,56789
1966,David,20,100.0,95.0,80.0,789 Pine St,34567
1967,Frank,23,,,75.0,135 Maple St,67890
1968,Bob,20,,100.0,90.0,135 Maple St,
1969,Julia,21,80.0,85.0,70.0,975 Walnut St,
1970,Eve,23,95.0,,,,67890
1971,Julia,22,85.0,90.0,90.0,123 Elm St,67890
1972,Alice,23,70.0,75.0,70.0,123 Elm St,45678
1973,Frank,21,,90.0,85.0,,12345
1974,Frank,21,70.0,95.0,95.0,,56789
1975,David,23,95.0,80.0,80.0,,
1976,Hannah,23,85.0,80.0,75.0,456 Oak St,67890
1977,David,20,95.0,80.0,85.0,123 Elm St,56789
1978,Hannah,21,85.0,90.0,75.0,,
1979,Hannah,23,90.0,85.0,90.0,456 Oak St,67890
1980,Eve,23,85.0,75.0,,246 Cedar St,
1981,David,21,80.0,80.0,,456 Oak St,45678
1982,Bob,23,95.0,95.0,,123 Elm St,12345
1983,Charlie,20,,95.0,75.0,975 Walnut St,12345
1984,Charlie,21,90.0,80.0,85.0,246 Cedar St,67890
1985,David,20,80.0,80.0,,123 Elm St,
1986,David,20,70.0,75.0,85.0,456 Oak St,45678
1987,Julia,20,95.0,80.0,75.0,789 Pine St,23456
1988,Eve,20,100.0,75.0,90.0,135 Maple St,56789
1989,David,21,100.0,95.0,85.0,123 Elm St,56789
1990,Julia,20,,80.0,90.0,,34567
1991,Hannah,20,85.0,90.0,75.0,456 Oak St,45678
1992,Frank,23,,100.0,75.0,,
1993,Frank,21,100.0,90.0,80.0,,34567
1994,Hannah,21,70.0,95.0,75.0,,67890
1995,Grace,22,90.0,75.0,75.0,,
1996,Julia,21,90.0,90.0,70.0,,34567
1997,Julia,21,95.0,75.0,,246 Cedar St,12345
1998,Hannah,22,90.0,90.0,80.0,123 Elm St,56789
1999,Bob,21,95.0,90.0,95.0,123 Elm St,
2000,Ivan,21,95.0,75.0,80.0,135 Maple St,34567
